"","don't copy this column","No MAP","L-MAP","D-MAP","R-MAP"
"1",NA,116.500200722601,79.356940509915,157.114029850746,130.110857142857
"2",NA,167.733554449972,NA,NA,NA
"3",NA,74.7605381165919,NA,NA,NA
"4",NA,321.070735090153,NA,NA,NA
