"","don't copy this column","No MAP","L-MAP","D-MAP","R-MAP"
"1",NA,28.9839421918908,23.3779036827195,30.5414925373134,29.896
"2",NA,39.7446102819237,NA,NA,NA
"3",NA,20.972197309417,NA,NA,NA
"4",NA,69.2163661581137,NA,NA,NA
