"","No MAP","L-MAP","D-MAP","R-MAP","NA"
"1",29.2476943346509,28.9839421918908,23.3779036827195,30.5414925373134,29.896
"2",28.3268365817091,39.7446102819237,NA,NA,NA
"3",24.9484585741811,20.972197309417,NA,NA,NA
"4",26.9857142857143,69.2163661581137,NA,NA,NA
"5",22.9667774086379,NA,NA,NA,NA
"6",108.543132108486,NA,NA,NA,NA
"7",60.1036231884058,NA,NA,NA,NA
"8",32.0463258785942,NA,NA,NA,NA
"9",65.3662477558348,NA,NA,NA,NA
"10",180.974675629201,NA,NA,NA,NA
"11",42.009835259405,NA,NA,NA,NA
