"","don't copy this column","No MAP","L-MAP","D-MAP","R-MAP"
"1",NA,37.9528421052632,19.5227027027027,73.467007963595,178.691503267974
"2",NA,52.4736842105263,NA,NA,221.966292134831
"3",NA,NA,NA,NA,93.7499004380725
"4",NA,NA,NA,NA,16.5404721753794
