"","No MAP","L-MAP","D-MAP","R-MAP","NA"
"1",29.2476943346509,168.659789473684,461.094054054054,792.080773606371,715.698039215686
"2",28.3268365817091,193.451206140351,NA,NA,488.517364657814
"3",24.9484585741811,NA,NA,NA,223.178813221824
"4",26.9857142857143,NA,NA,NA,151.765598650928
"5",22.9667774086379,NA,NA,NA,NA
"6",108.543132108486,NA,NA,NA,NA
"7",60.1036231884058,NA,NA,NA,NA
"8",32.0463258785942,NA,NA,NA,NA
"9",65.3662477558348,NA,NA,NA,NA
"10",180.974675629201,NA,NA,NA,NA
"11",42.009835259405,NA,NA,NA,NA
