"","don't copy this column","No MAP","L-MAP","D-MAP","R-MAP"
"1",NA,168.659789473684,461.094054054054,792.080773606371,715.698039215686
"2",NA,193.451206140351,NA,NA,488.517364657814
"3",NA,NA,NA,NA,223.178813221824
"4",NA,NA,NA,NA,151.765598650928
